{
  "type": "crafting_shapeless",
  "ingredients": [
            {
                "item":"minecraft:bowl"
            },
            {
                "item":"minecraft:sugar"
            },
            {
                "item":"gregfood:salt"
            },
            {
                "item":"gregfood:oil_bottle"
            },
            {
                "item":"gregfood:soybean"
            },
            {
                "item":"gregfood:soybean"
            },
            {
                "item":"gregfood:soybean"
            },
            {
                "item":"gregfood:soybean"
            },
            {
                "item":"gregfood:soybean"
            }
  ],
  "result": {
    "item": "gregfood:golden_bean",
    "count":1
  }
}