{
  "multipart": [
    {
      "apply": {
        "model": "gregfood:block/briner"
      }
    },
    {
      "when": {
        "level": "1"
      },
      "apply": {
        "model": "gregfood:block/briner_level1"
      }
    },
    {
      "when": {
        "level": "2"
      },
      "apply": {
        "model": "gregfood:block/briner_level2"
      }
    },
    {
      "when": {
        "level": "3"
      },
      "apply": {
        "model": "gregfood:block/briner_level3"
      }
    },
    {
      "when": {
        "level": "4"
      },
      "apply": {
        "model": "gregfood:block/briner_level4"
      }
    },
    {
      "when": {
        "level": "5"
      },
      "apply": {
        "model": "gregfood:block/briner_level5"
      }
    },
    {
      "when": {
        "level": "6"
      },
      "apply": {
        "model": "gregfood:block/briner_level6"
      }
    },
    {
      "when": {
        "level": "7"
      },
      "apply": {
        "model": "gregfood:block/briner_level7"
      }
    },
    {
      "when": {
        "level": "8"
      },
      "apply": {
        "model": "gregfood:block/briner_level8"
      }
    }
  ]
}